{"Charpter":1,"Level":1,"mapnpcdata":[],"mapmodeldatas":[],"mapparticledatas":[{"ID":1,"x":0.186850339174271,"y":-2.02414608001709,"z":2.83450770378113,"scalex":1.71099996566772,"scaley":1.71099984645844,"scalez":1.71099996566772,"rotatex":0.0,"rotatey":0.0,"rotatez":0.0},{"ID":2,"x":-1.0517361164093,"y":4.40584659576416,"z":1.25092768669128,"scalex":5.05259990692139,"scaley":5.05260038375854,"scalez":5.05259990692139,"rotatex":90.0,"rotatey":0.0,"rotatez":0.0}],"maplanddata":{"x":0.0,"y":0.0,"z":0.0,"scalex":0.0,"scaley":0.0,"scalez":0.0,"rotatex":0.0,"rotatey":0.0,"rotatez":0.0},"aduioPath":null}