{"Charpter":1001,"Level":1,"mapnpcdata":[{"ID":1,"x":-0.870000004768372,"y":-1.76400005817413,"z":0.119999997317791,"scalex":0.212499991059303,"scaley":0.212499991059303,"scalez":0.708319902420044,"rotatex":0.0,"rotatey":11.8315620422363,"rotatez":0.0}],"mapmodeldatas":[],"mapparticledatas":[],"aduioPath":null}